{"__Version":"0.1","App":"f3e1637b-14e7-4dd4-a081-db2e4919a6a6","Test_7F478737223C4B69":"941dfead-326f-4753-a7a9-6d8ddcc92a6d","Host":"d3321702-3a1a-444d-9c7a-d13232c06b06","FormInstrutores":"3f7e597d-241d-4d8d-a90c-bb84a063fe51","lbltituloprincipal":"b0f0a49b-cba8-4456-993f-1aba2f2ea936","lblcamponome":"9af6bdd4-3ab6-4a00-8f22-3fec151e1fdb","lblnivel":"378fb454-3400-4288-8802-bc46d3f393ac","lblbotaoadd":"dd1df439-234f-4502-8d78-9a6361b27712","btnadicionarinstrutor":"f2cfc397-36bd-4f09-88b9-179476637862","galinstrutores":"c2306bd7-2bf5-4c44-886a-b4812ec50866","Separator2":"ba534c60-dba7-4acc-98ea-ffcc898ab483","Rectangle2":"3fad7f0b-4c9d-47ae-9044-030f86c61ce2","Title2_1":"a9cbea66-c6f9-4c44-a2e8-81ed2b7b7ff1","galleryTemplate1":"fba5f2ab-0345-4bef-b832-980d3dab3039","NextArrow2":"258afeb6-5995-4427-ae44-6e80716b24e0","FormInstrutoresAdd":"766e190a-b177-4ecf-8209-2256b8512366","lbltituloprincipalAdd":"cd78aca4-59fe-44f0-b4bf-48a8b1ad6279","ComboBoxinstrutor":"176066c1-0fff-49b3-b03e-b96e26ba451a","lblnivelinstrutor":"6c786c9a-a70a-4927-9dbb-dacf8f0f04f8","btncancelar":"4bdafdd0-82ce-4bd2-92e4-a3974ad7d138","btnsalvar":"fd575cf7-2f9b-48a8-a272-810e205edd46","FormInstrutoresexclusao":"ad848947-d770-43bc-9296-9e1faae6a863","lbltituloprincipalexclusao":"bb0fe730-d14d-4fcf-93ee-f7c259f425ea","lblInstrutorExcluir":"4d058feb-af72-4a84-b393-f59dde372cf7","lblnivelinstrutorexclusao":"df320007-bda2-4d2b-871e-99e41f311b84","lblinfromacoes":"f4bdcf1d-047f-461c-916c-fe8ecbc19ddc","btncancelarexclusao":"df899e55-69c0-45a2-be9a-2e87577d230b","btnconfirmarexclusao":"8843e538-e27d-4dcf-bbec-69879d972dbb","ModelDrivenFormIntegration":"0ec920f7-0f5e-47f9-ae8e-666d4209e3e9","Title2":"564bb8d3-a577-4c3d-ba2e-2ff0cc92ded3"}